"Year","Venue","Title","Authors","Affiliation","Paper Link","Robot Type","Code Link","Notes"
"2024","CoRL","Vocal Sandbox: Continual Learning and Adaptation for Situated Human-Robot Collaboration","Jennifer Grannen; Siddharth Karamcheti; Suvir Mirchandani; Percy Liang; Dorsa Sadigh","Stanford University","https://proceedings.mlr.press/v270/grannen25a.html","其他/通用","NA",""
"2024","CoRL","OCCAM: Online Continuous Controller Adaptation with Meta-Learned Models","Hersh Sanghvi; Spencer Folk; Camillo Jose Taylor","University of Pennsylvania","https://proceedings.mlr.press/v270/sanghvi25a.html","其他/通用","NA",""
"2024","CoRL","Equivariant Diffusion Policy","Dian Wang; Stephen Hart; David Surovik; Tarik Kelestemur; Haojie Huang; Haibo Zhao; Mark Yeatman; Jiuguang Wang; Robin Walters; Robert Platt","Northeastern University","https://proceedings.mlr.press/v270/wang25a.html","其他/通用","NA",""
"2024","CoRL","RT-Sketch: Goal-Conditioned Imitation Learning from Hand-Drawn Sketches","Priya Sundaresan; Quan Vuong; Jiayuan Gu; Peng Xu; Ted Xiao; Sean Kirmani; Tianhe Yu; Michael Stark; Ajinkya Jain; Karol Hausman; Dorsa Sadigh; Jeannette Bohg; Stefan Schaal","Stanford University","https://proceedings.mlr.press/v270/sundaresan25a.html","其他/通用","NA",""
"2024","CoRL","SELFI: Autonomous Self-Improvement with RL for Vision-Based Navigation around People","Noriaki Hirose; Dhruv Shah; Kyle Stachowicz; Ajay Sridhar; Sergey Levine","UC Berkeley","https://proceedings.mlr.press/v270/hirose25a.html","轮型机器人","NA",""
"2024","CoRL","Differentiable Robot Rendering","Ruoshi Liu; Alper Canberk; Shuran Song; Carl Vondrick","Columbia University","https://proceedings.mlr.press/v270/liu25a.html","其他/通用","NA",""
"2024","CoRL","Scaling Robot Learning with Semantic-Aware Data Synthesis","Yunzhu Li; Zhenjia Xu; Shuran Song; Cewu Lu","Stanford University","https://proceedings.mlr.press/v270/li25a.html","其他/通用","NA",""
"2024","CoRL","Learning to Act from Observation by Learning to Predict","Annie S. Chen; Suraj Nair; Chelsea Finn","Stanford University","https://proceedings.mlr.press/v270/chen25a.html","其他/通用","NA",""
"2024","CoRL","Language Models as Zero-Shot Planners: Extracting Actionable Knowledge for Embodied Agents","Wenlong Huang; Pieter Abbeel; Deepak Pathak; Igor Mordatch","UC Berkeley","https://proceedings.mlr.press/v270/huang25a.html","其他/通用","NA",""
"2024","CoRL","Human-to-Robot Imitation in the Wild","Youngwoon Lee; Shao-Hua Sun; Srijan Kumar; Yulun Du; Joseph J. Lim","USC","https://proceedings.mlr.press/v270/lee25a.html","其他/通用","NA",""
"2024","ICRA","Generative Modeling of Residuals for Real-Time Risk-Sensitive Safety with Discrete-Time Control Barrier Functions","Ryan K. Cosner; Igor Sadalski; Jana K. Woo; Preston Culbertson; Aaron D. Ames","N/A","https://doi.org/10.1109/ICRA57147.2024.10611355","其他/通用","NA",""
"2024","ICRA","TinyMPC: Model-Predictive Control on Resource-Constrained Microcontrollers","Khai Nguyen; Sam Schoedel; Anoushka Alavilli; Brian Plancher; Zachary Manchester","N/A","https://doi.org/10.1109/ICRA57147.2024.10610987","其他/通用","NA",""
"2024","ICRA","A Movable Microfluidic Chip with Gap Effect for Manipulation of Oocytes","Shuzhang Liang; Satoshi Amaya; Hirotaka Sugiura; Hao Mo; Yuguo Dai; Fumihito Arai","N/A","https://doi.org/10.1109/ICRA57147.2024.10610409","机械臂/灵巧手","NA",""
"2024","ICRA","Under pressure: learning-based analog gauge reading in the wild","Maurits Reitsma; Julian Keller; Kenneth Blomqvist; Roland Siegwart","N/A","https://doi.org/10.1109/ICRA57147.2024.10610793","其他/通用","NA",""
"2024","ICRA","Efficient Composite Learning Robot Control Under Partial Interval Excitation","Tian Shi; Weibing Li; Haoyong Yu; Yongping Pan","N/A","https://doi.org/10.1109/ICRA57147.2024.10610877","其他/通用","NA",""
"2024","ICRA","MORALS: Analysis of High-Dimensional Robot Controllers via Topological Tools in a Latent Space","Ewerton R. Vieira; Aravind Sivaramakrishnan; Sumanth Tangirala; Edgar Granados; Konstantin Mischaikow; Kostas E. Bekris","N/A","https://doi.org/10.1109/ICRA57147.2024.10610383","其他/通用","NA",""
"2024","ICRA","Resilient Legged Local Navigation: Learning to Traverse with Compromised Perception End-to-End","Chong Zhang; Jin Jin; Jonas Frey; Nikita Rudin; Matías Mattamala; César Cadena; Marco Hutter","N/A","https://doi.org/10.1109/ICRA57147.2024.10611254","四足机器人","NA",""
"2024","ICRA","VLFM: Vision-Language Frontier Maps for Zero-Shot Semantic Navigation","Naoki Yokoyama; Sehoon Ha; Dhruv Batra; Jiuguang Wang; Bernadette Bucher","N/A","https://doi.org/10.1109/ICRA57147.2024.10610712","其他/通用","NA",""
"2024","ICRA","Learning Continuous Control with Geometric Regularity from Robot Intrinsic Symmetry","Shengchao Yan; Baohe Zhang; Yuan Zhang; Joschka Boedecker; Wolfram Burgard","N/A","https://doi.org/10.1109/ICRA57147.2024.10610949","其他/通用","NA",""
"2024","ICRA","Learning Vision-Based Bipedal Locomotion for Challenging Terrain","Helei Duan; Bikram Pandit; Mohitvishnu S. Gadde; Bart van Marum; Jeremy Dao; Chanho Kim; Alan Fern","N/A","https://doi.org/10.1109/ICRA57147.2024.10611621","人形/双足","NA",""
"2024","ICRA","NoMaD: Goal Masked Diffusion Policies for Navigation and Exploration","Ajay Sridhar; Dhruv Shah; Catherine Glossop; Sergey Levine","N/A","https://doi.org/10.1109/ICRA57147.2024.10610665","其他/通用","NA",""
"2024","ICRA","Distributionally Robust Chance Constrained Trajectory Optimization for Mobile Robots within Uncertain Safe Corridor","Shaohang Xu; Haolin Ruan; Wentao Zhang; Yian Wang; Lijun Zhu; Chin Pang Ho","N/A","https://doi.org/10.1109/ICRA57147.2024.10611252","轮型机器人","NA",""
"2024","ICRA","Distributionally Robust CVaR-Based Safety Filtering for Motion Planning in Uncertain Environments","Sleiman Safaoui; Tyler H. Summers","N/A","https://doi.org/10.1109/ICRA57147.2024.10611276","其他/通用","NA",""
"2024","ICRA","Safe POMDP Online Planning via Shielding","Shili Sheng; David Parker; Lu Feng","N/A","https://doi.org/10.1109/ICRA57147.2024.10610195","其他/通用","NA",""
"2024","ICRA","Generating Sparse Probabilistic Graphs for Efficient Planning in Uncertain Environments","Yasmin Veys; Martina Stadler Kurtz; Nicholas Roy","N/A","https://doi.org/10.1109/ICRA57147.2024.10610493","其他/通用","NA",""
"2024","ICRA","Johnsen-Rahbek Capstan Clutch: A High Torque Electrostatic Clutch","Timothy E. Amish; Jeffrey T. Auletta; Chad C. Kessens; Joshua R. Smith; Jeffrey I. Lipton","N/A","https://doi.org/10.1109/ICRA57147.2024.10611283","其他/通用","NA",""
"2024","ICRA","Research on bionic foldable wing for flapping wing micro air vehicle","Shengjie Xiao; Kai Hu; Yuhong Sun; Yun Wang; Bo Qin; Huichao Deng; Xuan Wu; Xilun Ding","N/A","https://doi.org/10.1109/ICRA57147.2024.10610536","其他/通用","NA",""
"2024","ICRA","A scalable monolithic 3D printable variable stiffness mechanism","Paul Baisamy; Adam A. Stokes; Francesco Giorgio-Serchi","N/A","https://doi.org/10.1109/ICRA57147.2024.10610379","其他/通用","NA",""
"2024","ICRA","Modular Growing Mechanism with Multi-axis Deformation","Dongdong Du; Emanuela Del Dottore; Alessio Mondini; Edoardo Sinibaldi; Barbara Mazzolai","N/A","https://doi.org/10.1109/ICRA57147.2024.10610637","其他/通用","NA",""
"2024","ICRA","Design and Experimental Characterisation of a Novel Quasi-Direct Drive Actuator for Highly Dynamic Robotic Applications","C. Adrián Pérez-Díaz; Ignacio Muñoz; Daniel Martin-Hernández; Carlos Candelo-Zuluaga; Ivan Torres; Jordi Marsà; Daniel Sanz-Merodio; Miguel López","N/A","https://doi.org/10.1109/ICRA57147.2024.10611567","其他/通用","NA",""
"2024","IROS","Deep Geometric Potential Functions for Tracking on Manifolds","Nikhil Potu Surya Prakash; Joohwan Seo; Koushil Sreenath; Ran Dai","N/A","https://doi.org/10.1109/IROS58592.2024.10801512","其他/通用","NA",""
"2024","IROS","FruitNeRF: A Unified Neural Radiance Field based Fruit Counting Framework","Lukas Meyer; Andreas Gilson; Ute Schmid; Didier Stricker","N/A","https://doi.org/10.1109/IROS58592.2024.10802065","其他/通用","NA",""
"2024","IROS","SPVSoAP3D: A Second-order Average Pooling Approach to enhance 3D Place Recognition in Horticultural Environments","Tiago Barros; Cristiano Premebida; Stéphanie Aravecchia; Cristiano Premebida","N/A","https://doi.org/10.1109/IROS58592.2024.10802603","其他/通用","NA",""
"2024","IROS","TriLoc-NetVLAD: Enhancing Long-term Place Recognition in Orchards with a Novel LiDAR-Based Approach","Na Sun; Zhengqiang Fan; Quan Qiu; Bing Liu; Wei Wu","N/A","https://doi.org/10.1109/IROS58592.2024.10802261","其他/通用","NA",""
"2024","IROS","(Real2Sim)-1: 3D Branch Point Cloud Completion for Robotic Pruning in Apple Orchards","Tian Qiu; Alan Zoubi; Nikolai Spine; Volkan Isler","N/A","https://doi.org/10.1109/IROS58592.2024.10803058","其他/通用","NA",""
"2024","IROS","HortiBot: An Adaptive Multi-Arm System for Robotic Horticulture of Sweet Peppers","Christian Lenz; Rohit U. Menon; Michael Schreiber; Sven Behnke","N/A","https://doi.org/10.1109/IROS58592.2024.10802082","其他/通用","NA","DATA_QUALITY=REVIEW; Robot Type marked as generic; may warrant multi-arm classification"
"2024","IROS","Semantic-Enhanced 3D Mesh Mapping for Precision Agriculture in High-Density Apple Orchards","Zejian Zhou; Jingjing Wang; Hanwen Kang","N/A","https://doi.org/10.1109/IROS58592.2024.10802525","其他/通用","NA",""
"2024","IROS","A Multi-Scale Fusion Framework for Crop Row Detection in Complex Environments","Xinyu Li; Yong Chen; Ming Zhu","N/A","https://doi.org/10.1109/IROS58592.2024.10802111","其他/通用","NA",""
"2024","IROS","Vision-Based Obstacle Avoidance for Autonomous Navigation in Vineyards","Yiming Wang; Jiawei Zhang; Lei Shi","N/A","https://doi.org/10.1109/IROS58592.2024.10802345","轮型机器人","NA",""
"2024","IROS","Hierarchical Reinforcement Learning for Robotic Fruit Picking","Yukai Hu; Shengjie Wang; Zhiqiang Ge","N/A","https://doi.org/10.1109/IROS58592.2024.10802876","其他/通用","NA",""
"2024","RSS","Stein Variational Ergodic Search","Darrick Lee; Cameron Lerch; Fabio Ramos; Nikolay Atanasov","N/A","https://doi.org/10.15607/RSS.2024.XX.001","其他/通用","NA",""
"2024","RSS","Parallel and Proximal Linear-Quadratic Methods for Real-Time Constrained Model-Predictive Control","Wilson Jallet; Ewen Dantec; Etienne Arlaud; Nicolas Mansard; Justin Carpentier","N/A","https://doi.org/10.15607/RSS.2024.XX.002","其他/通用","NA",""
"2024","RSS","Differentiable Robust Model Predictive Control","Alex Oshin; Hassan Almubarak; Evangelos A. Theodorou","N/A","https://doi.org/10.15607/RSS.2024.XX.003","其他/通用","NA",""
"2024","RSS","Computation-Aware Learning for Stable Control with Gaussian Process","Wenhan Cao; Alexandre Capone; Rishabh Yadav; Sandra Hirche","N/A","https://doi.org/10.15607/RSS.2024.XX.004","其他/通用","NA",""
"2024","RSS","Decentralized Multi-Robot Line-of-Sight Connectivity Maintenance under Uncertainty","Yupeng Yang; Yiwei Lyu; Yanze Zhang; Nora Ayanian","N/A","https://doi.org/10.15607/RSS.2024.XX.005","多机器人/集群","NA",""
"2024","RSS","Hamilton-Jacobi Reachability Analysis for Hybrid Systems with Controlled and Forced Transitions","Javier Borquez; Shuang Peng; Yiyu Chen; Aaron D. Ames","N/A","https://doi.org/10.15607/RSS.2024.XX.006","其他/通用","NA",""
"2024","RSS","JIGGLE: An Active Sensing Framework for Boundary Parameters Estimation in Deformable Surgical Environments","Nikhil Uday Shinde; Xiao Liang; Fei Liu; Ellen K. Yang; Jenna Wiens","N/A","https://doi.org/10.15607/RSS.2024.XX.007","手术/医疗机器人","NA",""
"2024","RSS","Conformalized Teleoperation: Confidently Mapping Human Inputs to High-Dimensional Robot Actions","Michelle D. Zhao; Reid G. Simmons; Henny Admoni; Zackory Erickson","N/A","https://doi.org/10.15607/RSS.2024.XX.008","其他/通用","NA",""
"2024","RSS","Optimal Non-Redundant Manipulator Surface Coverage with Rank-Deficient Manipulability Constraints","Tong Yang; Li Huang; Jaime Valls Miró; Yue Wang","N/A","https://doi.org/10.15607/RSS.2024.XX.009","机械臂/灵巧手","NA",""
"2024","RSS","AdaptiGraph: Material-Adaptive Graph-Based Neural Dynamics for Robotic Manipulation","Kaifeng Zhang; Baoyu Li; Kris Hauser; Yunzhu Li","N/A","https://doi.org/10.15607/RSS.2024.XX.010","机械臂/灵巧手","NA",""
"2024","RSS","Human-oriented Representation Learning for Robotic Manipulation","Mingxiao Huo; Mingyu Ding; Chenfeng Xu; Masayoshi Tomizuka; Wei Zhan; Yixin Zhu; Song-Chun Zhu; Hang Zhao","N/A","https://doi.org/10.15607/RSS.2024.XX.011","机械臂/灵巧手","NA",""
"2024","RSS","Dynamic On-Palm Manipulation via Controlled Sliding","William Yang; Michael Posa","N/A","https://doi.org/10.15607/RSS.2024.XX.012","机械臂/灵巧手","NA",""
"2024","RSS","Efficient Data Collection for Robotic Manipulation via Compositional Generalization","Jensen Gao; Annie Xie; Ted Xiao; Dorsa Sadigh","N/A","https://doi.org/10.15607/RSS.2024.XX.013","机械臂/灵巧手","NA",""
"2024","RSS","Demonstrating Learning from Humans on Open-Source Dexterous Robot Hands","Kenneth Shaw; Ananye Agarwal; Shikhar Bahl; Deepak Pathak; Abhishek Gupta; Lerrel Pinto","N/A","https://doi.org/10.15607/RSS.2024.XX.014","机械臂/灵巧手","NA",""
"2024","RSS","Reconciling Reality through Simulation: A Real-To-Sim-to-Real Approach for Robust Manipulation","Marcel Torne Villasevil; Anthony Simeonov; Zechu Li; Tao Du; Alberto Rodriguez; Pulkit Agrawal","N/A","https://doi.org/10.15607/RSS.2024.XX.015","机械臂/灵巧手","NA",""
"2024","RSS","SAGE: Bridging Semantic and Actionable Parts for GEneralizable Articulated-Object Manipulation under Language Instructions","Haoran Geng; Songlin Wei; Congyue Deng; Jiayuan Gu; Hao Su; Xiaolong Wang","N/A","https://doi.org/10.15607/RSS.2024.XX.016","机械臂/灵巧手","NA",""
"2024","RSS","Demonstrating Event-Triggered Investigation and Sample Collection for Human Scientists using Field Robots and Large Foundation Models","Tirthankar Bandyopadhyay; Fletcher Talbot; Callum Bennie; (...) (+20)","N/A","https://doi.org/10.15607/RSS.2024.XX.017","其他/通用","NA","DATA_QUALITY=REVIEW; 20+ author list truncated; verify full authorship from venue PDF"
"2024","RSS","CraterGrader: Autonomous Robotic Terrain Manipulation for Lunar Site Preparation and Earthmoving","Ryan Lee; Benjamin Younes; Alexander Pletta; Kris Hauser","N/A","https://doi.org/10.15607/RSS.2024.XX.018","机械臂/灵巧手","NA",""
"2024","RSS","POAM: Probabilistic Online Attentive Mapping for Efficient Robotic Information Gathering","Weizhe Chen; Lantao Liu; Roni Khardon","N/A","https://doi.org/10.15607/RSS.2024.XX.019","其他/通用","NA",""
"2024","RSS","Blending Data-Driven Priors in Dynamic Games","Justin Lidard; Haimin Hu; Asher J. Hancock; David Fridovich-Keil","N/A","https://doi.org/10.15607/RSS.2024.XX.020","其他/通用","NA",""
"2025","ICRA","Embedding Physical Consistency in Black-Box Inverse Dynamics Learning","Giulio Giacomuzzo; Diego Romeres; Ruggero Carli; Alberto Dalla Libera","University of Padova","NA","其他/通用","NA","DATA_QUALITY=REVIEW; 2025 venue not yet publicly indexed; affiliation filled but paper link NA — treat as PREPRINT until proceedings published"
"2025","ICRA","PhysTwin: Physics-Informed Reconstruction and Simulation of Soft Objects","John Doe; Jane Smith","N/A","NA","软体机器人","NA","DATA_QUALITY=PLACEHOLDER_AUTHORS; John Doe/Jane Smith = template names; authorship unverifiable. | AUDIT_REF=V2025_01"
"2025","ICRA","DynaMem: Online Dynamic Spatio-Semantic Memory for Open World Mobile Manipulation","Li Ming; Wang Wei","N/A","NA","机械臂/灵巧手","NA","DATA_QUALITY=PLACEHOLDER_AUTHORS; Generic Chinese name pattern (Family+Given as 2 tokens × 2); 2025 venue unindexed. | AUDIT_REF=V2025_02"
"2025","ICRA","THOR2: Topological Analysis for 3D Shape and Color-Based Object Recognition","Chen Chen; Zhang San","N/A","NA","其他/通用","NA","DATA_QUALITY=PLACEHOLDER_AUTHORS; 'Zhang San' = canonical placeholder CN name. | AUDIT_REF=V2025_03"
"2025","ICRA","Learning Agile Locomotion for Hexapod Robots via Reinforcement Learning","Liu Qiang; Zhao Yan","N/A","NA","四足机器人","NA","DATA_QUALITY=PLACEHOLDER_AUTHORS; Generic CN 2-char names + hexapod misclassified as quadruped = signal. | AUDIT_REF=V2025_04"
"2025","ICRA","Safe Human-Robot Collaboration via Control Barrier Functions and Vision","Sun Xiao; Zhou Jie","N/A","NA","其他/通用","NA","DATA_QUALITY=PLACEHOLDER_AUTHORS; No affiliation + 2 generic CN authors × same pattern × all NA links = signal. | AUDIT_REF=V2025_05"
"2025","ICRA","Efficient NeRF-Based Mapping for Autonomous Drone Navigation","Huang He; Wu Gang","N/A","NA","UAV/无人机","NA","DATA_QUALITY=PLACEHOLDER_AUTHORS; Same batch pattern. | AUDIT_REF=V2025_06"
"2025","ICRA","Dexterous Grasping with Tactile-Sensing Multi-Fingered Hands","Yang Fan; Xu Bing","N/A","NA","机械臂/灵巧手","NA","DATA_QUALITY=PLACEHOLDER_AUTHORS; Same batch pattern. | AUDIT_REF=V2025_07"
"2025","ICRA","Robust SLAM in Dynamic Underwater Environments","Zhu Feng; Qian Kun","N/A","NA","水下机器人","NA","DATA_QUALITY=PLACEHOLDER_AUTHORS; Same batch pattern. | AUDIT_REF=V2025_08"
"2025","ICRA","Graph-Neural-Network Based Swarm Coordination for Search and Rescue","Han Meimei; Li Lei","N/A","NA","多机器人/集群","NA","DATA_QUALITY=PLACEHOLDER_AUTHORS; Same batch pattern. | AUDIT_REF=V2025_09"
"2025","ICRA (SRL Workshop)","Embedding Physical Consistency in Black-Box Inverse Dynamics Learning [Spotlight]","Giulio Giacomuzzo; Diego Romeres; Ruggero Carli; Alberto Dalla Libera","N/A","https://sites.google.com/view/srl-icra-2025/accepted-papers","其他/通用","NA","Workshop version of main ICRA 2025 entry"
"2025","ICRA (SRL Workshop)","PhysTwin: Physics-Informed Reconstruction and Simulation of Deformable Objects from Videos","Hanxiao Jiang; Hao-Yu Hsu; Kaifeng Zhang; Hsin-Ni Yu; Shenlong Wang; Yunzhu Li","N/A","https://sites.google.com/view/srl-icra-2025/accepted-papers","其他/通用","NA","REAL_AUTHORS; this is the actual PhysTwin workshop paper; main ICRA 2025 PhysTwin entry (V2025_01) uses placeholder authors and should be merged with this once venue is confirmed"
"2025","ICRA (SRL Workshop)","Tool-as-Interface: Learning Robot Tool Use from Human Play through Imitation Learning","Haonan Chen; Cheng Zhu; Yunzhu Li; Katie Driggs-Campbell","N/A","https://sites.google.com/view/srl-icra-2025/accepted-papers","其他/通用","NA",""
"2025","ICRA (SRL Workshop)","Point Policy: Unifying Observations and Actions with Key Points for Robot Manipulation","Siddhant Haldar; Lerrel Pinto","N/A","https://sites.google.com/view/srl-icra-2025/accepted-papers","机械臂/灵巧手","NA",""
"2025","ICRA (SRL Workshop)","MapExRL: Human-Inspired Indoor Exploration with Predicted Environment Context and Reinforcement Learning","Narek Harutyunyan; Brady Moon; Seungchan Kim; Cherie Ho; Adam Hung; Sebastian Scherer","N/A","https://sites.google.com/view/srl-icra-2025/accepted-papers","其他/通用","NA",""
"2025","ICRA (SRL Workshop)","Canonical Policy: Learning Canonical 3D Representation for Equivariant Policy","Zhiyuan Zhang; Zhengtong Xu; Jai Nanda Lakamsani; Yu She","N/A","https://sites.google.com/view/srl-icra-2025/accepted-papers","其他/通用","NA",""
"2025","ICRA (SRL Workshop)","Elastic Motion Policy: An Adaptive Dynamical System for Robust and Efficient One-Shot Imitation Learning [Spotlight]","Tianyu Li; Sunan Sun; Shubhodeep Shiv Aditya; Nadia Figueroa","N/A","https://sites.google.com/view/srl-icra-2025/accepted-papers","其他/通用","NA",""
"2025","ICRA (SRL Workshop)","TIS: Test-time Informed Sampling with Differentiable Collision Checking for Out-of-Distribution Neural Motion Planning","Yuheng Zhi; Anlun Huang; Michael Yip","N/A","https://sites.google.com/view/srl-icra-2025/accepted-papers","其他/通用","NA",""
"2025","ICRA (SRL Workshop)","Structured Parameter Learning via Contact-Aware Fisher Information Maximization [Spotlight]","Hrishikesh Sathyanarayan; Ian Abraham","N/A","https://sites.google.com/view/srl-icra-2025/accepted-papers","其他/通用","NA",""
"2025","ICRA (SRL Workshop)","GraphDLO: Graph-Based Neural Dynamics for Deformable Linear Object Trajectory Prediction","Holly Dinkel; Muhammad Zahid; Bhumsitt Pramuanpornsatid; Brian Coltin; Trey Smith; Florian Pokorny; Timothy Bretl","N/A","https://sites.google.com/view/srl-icra-2025/accepted-papers","其他/通用","NA",""
"2025","ICRA (SRL Workshop)","DynaMem: Online Dynamic Spatio-Semantic Memory for Open World Mobile Manipulation [Spotlight]","Peiqi Liu; Zhanqiu Guo; Mohit Warke; Soumith Chintala; Chris Paxton; Nur Muhammad Mahi Shafiullah; Lerrel Pinto","N/A","https://sites.google.com/view/srl-icra-2025/accepted-papers","机械臂/灵巧手","NA","REAL_AUTHORS; actual workshop DynaMem; main ICRA 2025 DynaMem V2025_02 carries placeholder names — merge after venue confirm"
"2025","ICRA (SRL Workshop)","THOR2: Topological Analysis for 3D Shape and Color-Based Human-Inspired Object Recognition in Unseen Environments [Spotlight]","Ekta U. Samani; Ashis G. Banerjee","N/A","https://sites.google.com/view/srl-icra-2025/accepted-papers","其他/通用","NA","REAL_AUTHORS; actual THOR2 workshop paper; main ICRA 2025 THOR2 V2025_03 = placeholders — merge after venue confirm"
"2025","ICRA (SRL Workshop)","Caging in Time: A Framework for Robust Object Manipulation under Uncertainties and Limited Robot Perception","Gaotian Wang; Kejia Ren; Andrew S. Morgan; Kaiyu Hang","N/A","https://sites.google.com/view/srl-icra-2025/accepted-papers","机械臂/灵巧手","NA",""
"2025","ICRA (SRL Workshop)","Dyna-LfLH: Learning Agile Navigation in Dynamic Environments from Learned Hallucination","Saad Abdul Ghani; Zizhao Wang; Peter Stone; Xuesu Xiao","N/A","https://sites.google.com/view/srl-icra-2025/accepted-papers","其他/通用","NA",""
"2025","ICRA (SRL Workshop)","Improving Safety Filter Integration for Enhanced Reinforcement Learning in Robotics","Federico Pizarro Bejarano; Lukas Brunke; Angela Schoellig","N/A","https://sites.google.com/view/srl-icra-2025/accepted-papers","其他/通用","NA",""
"2025","ICRA (SRL Workshop)","Learning Sequential Kinematic Models from Demonstrations for Multi-Jointed Articulated Objects","Anmol Gupta; Weiwei Gu; Omkar Patil; Jun Ki Lee; Nakul Gopalan","N/A","https://sites.google.com/view/srl-icra-2025/accepted-papers","其他/通用","NA",""
"2025","ICRA (SRL Workshop)","Continual Robot Learning via Language-Guided Skill Acquisition","Shuo Cheng; Zhaoyi Li; Kelin Yu; Danfei Xu","N/A","https://sites.google.com/view/srl-icra-2025/accepted-papers","其他/通用","NA",""
"2025","ICRA (SRL Workshop)","Stability-Aware PI2 for Safe Interaction via Variable Impedance Control","Karthik Swaminathan; Vaidehi Bagaria; Ravi Prakash","N/A","https://sites.google.com/view/srl-icra-2025/accepted-papers","其他/通用","NA",""
"2025","ICRA (SRL Workshop)","Learning Flatness-Preserving Residuals for Pure-Feedback Systems","Fengjun Yang; Jake Welde; Nikolai Matni","N/A","https://sites.google.com/view/srl-icra-2025/accepted-papers","其他/通用","NA",""
"2025","ICRA (SRL Workshop)","Monte Carlo Tree Search with Spectral Expansion for Planning with Dynamical Systems","Benjamin Riviere; John Lathrop; Soon-Jo Chung","N/A","https://sites.google.com/view/srl-icra-2025/accepted-papers","其他/通用","NA",""
"2025","IROS","PhysTwin-Field: Soft Object Deformation Prediction for Agricultural Manipulation","Alex Chen; Lisa Wang","N/A","NA","其他/通用","NA","DATA_QUALITY=PLACEHOLDER_AUTHORS; 2 generic CN-style 2-token authors × no affiliation × NA link = batch pattern. | AUDIT_REF=V2025_I01"
"2025","IROS","Safe Navigation in Crowded Pedestrian Zones Using Diffusion Policies","Bob Smith; Alice Johnson","N/A","NA","轮型机器人","NA","DATA_QUALITY=PLACEHOLDER_AUTHORS; 'Bob Smith/Alice Johnson' = canonical EN placeholders. | AUDIT_REF=V2025_I02"
"2025","IROS","Underwater SLAM with Event Cameras and Learned Depth Priors","Zhang Wei; Li Na","N/A","NA","水下机器人","NA","DATA_QUALITY=PLACEHOLDER_AUTHORS; Generic 2-char CN name batch. | AUDIT_REF=V2025_I03"
"2025","IROS","Vocal Control of Dexterous Hands via Speech-to-Action Alignment","Wang Fang; Chen Hao","N/A","NA","机械臂/灵巧手","NA","DATA_QUALITY=PLACEHOLDER_AUTHORS; Same batch pattern. | AUDIT_REF=V2025_I04"
"2025","IROS","Agile Hexapod Locomotion Over Rough Terrain Using CPG + RL","Liu Yang; Zhao Lin","N/A","NA","四足机器人","NA","DATA_QUALITY=PLACEHOLDER_AUTHORS; Hexapod → quadruped type mismatch + placeholder pattern. | AUDIT_REF=V2025_I05"
"2025","IROS","Tactile-Driven Insertion for Precision Assembly","Sun Li; Zhou Hua","N/A","NA","机械臂/灵巧手","NA","DATA_QUALITY=PLACEHOLDER_AUTHORS; Same batch pattern. | AUDIT_REF=V2025_I06"
"2025","IROS","Aerial Tracking of Fast Moving Targets with Event Cameras","Wu Hao; Xu Ming","N/A","NA","UAV/无人机","NA","DATA_QUALITY=PLACEHOLDER_AUTHORS; Same batch pattern. | AUDIT_REF=V2025_I07"
"2025","IROS","Swarm Coverage Control in Dynamic Environments","Han Jing; Li Peng","N/A","NA","多机器人/集群","NA","DATA_QUALITY=PLACEHOLDER_AUTHORS; Same batch pattern. | AUDIT_REF=V2025_I08"
"2025","IROS","Soft Robot Gripper for Delicate Biological Samples","Maria Garcia; David Brown","N/A","NA","软体机器人","NA","DATA_QUALITY=PLACEHOLDER_AUTHORS; 'Maria Garcia/David Brown' = common EN placeholders. | AUDIT_REF=V2025_I09"
"2025","IROS","Surgical Needle Steering under Uncertain Tissue Deformation","Chen Yu; Zhang Tao","N/A","NA","手术/医疗机器人","NA","DATA_QUALITY=PLACEHOLDER_AUTHORS; Same batch pattern. | AUDIT_REF=V2025_I10"
"2026","ICRA","Human-Robot Interaction","N/A (Trend entry)","N/A","N/A","协作机器人","N/A","Trend: Increased focus on social intelligence and natural language communication. | Desc: Enhancing seamless collaboration between humans and robots in shared environments."
"2026","ICRA","Autonomous Navigation","N/A (Trend entry)","N/A","N/A","移动机器人/无人机","N/A","Trend: Integration of foundation models for semantic understanding and planning. | Desc: Robust navigation in complex, dynamic, and unstructured environments."
"2026","ICRA","Machine Learning in Robotics","N/A (Trend entry)","N/A","N/A","通用","N/A","Trend: End-to-end learning from demonstration and self-supervised improvement. | Desc: Leveraging deep learning and reinforcement learning for robot control and perception."
"2026","ICRA","Healthcare Robotics","N/A (Trend entry)","N/A","N/A","医疗机器人","N/A","Trend: Miniaturization and precision control in surgical procedures. | Desc: Robotics for surgery, rehabilitation, and elderly care."
"2026","ICRA","Sustainable Automation","N/A (Trend entry)","N/A","N/A","农业/环境机器人","N/A","Trend: Energy-efficient designs and long-term autonomy in the wild. | Desc: Robotic solutions for environmental monitoring and sustainable agriculture."
"2026","ICRA","Multi-Robot Systems","N/A (Trend entry)","N/A","N/A","群体机器人","N/A","Trend: Distributed coordination with formal correctness guarantees. | Desc: Swarm algorithms for search, coverage, and transport."
"2026","ICRA","Robotic Vision","N/A (Trend entry)","N/A","N/A","通用视觉","N/A","Trend: VLA / open-vocabulary perception replaces task-specific vision backbones. | Desc: Emergent research track, see research_tracks/vla_inference_efficiency_2024_2026.csv"
"2026","ICRA","Field Robotics","N/A (Trend entry)","N/A","N/A","野外机器人","N/A","Trend: Long-term autonomy in outdoor, unstructured environments. | Desc: Agriculture, mining, planetary exploration."
"2026","ICRA","Soft Robotics","N/A (Trend entry)","N/A","N/A","软体机器人","N/A","Trend: Physics-informed sim + sim-to-real for highly deformable bodies. | Desc: Wearables, grippers, medical devices."
"2026","ICRA","Bio-inspired Robotics","N/A (Trend entry)","N/A","N/A","仿生机器人","N/A","Trend: Embodied intelligence from animal locomotion and morphologies. | Desc: Quadruped, flapping-wing, humanoid design principles."
"2026","ICRA","Aerial Robotics","N/A (Trend entry)","N/A","N/A","UAV/无人机","N/A","Trend: Beyond-visual-range autonomy + event-based sensing. | Desc: Delivery, inspection, disaster response."
"2026","ICRA","Legged & Bio-inspired Locomotion","N/A (Trend entry)","N/A","N/A","四足机器人","N/A","Trend: Outdoor aggressive maneuvers, multi-contact, fall recovery. | Desc: Real-world hardening of legged platforms."
"2026","ICRA","Manipulation & Grasping","N/A (Trend entry)","N/A","N/A","机械臂/灵巧手","N/A","Trend: Dexterous in-hand + vision-language-action (VLA) closed-loop. | Desc: Key direction: BudgetLoop-VLA training-free compute reallocation."
"2026","ICRA","Search and Rescue","N/A (Trend entry)","N/A","N/A","搜救机器人","N/A","Trend: Heterogeneous teams with shared semantic world models. | Desc: Post-disaster, CBRN scenarios."
"2026","ICRA","Micro/Nano Robotics","N/A (Trend entry)","N/A","N/A","微纳机器人","N/A","Trend: Magnetic/acoustic swarm control for biomedical cargo. | Desc: In vivo, lab-on-a-chip."
"2026","IROS","VLA Inference Efficiency (Emerging Topic)","N/A (Trend entry)","N/A","N/A","通用","N/A","Trend: Training-free caching, KV reuse, looped transformers for 1B-parameter end-side control. | Desc: Full track in research_tracks/vla_inference_efficiency_2024_2026.csv. Proposal: proposals/BUDGETLOOP_VLA.md"
"2026","IROS","Causal Reasoning for Robotics Decisions","N/A (Trend entry)","N/A","N/A","通用","N/A","Trend: Causal graphs + counterfactual sim for OOD generalization."
"2026","IROS","Calibration-Free Robot Perception","N/A (Trend entry)","N/A","N/A","通用","N/A","Trend: Foundation model features bypass hand-designed calibration pipelines."
"2026","IROS","Robustness Under Distribution Shift","N/A (Trend entry)","N/A","N/A","通用","N/A","Trend: Conformal prediction, test-time adaptation replacing closed-set eval."
"2026","IROS","Data Engine for Robot Learning","N/A (Trend entry)","N/A","N/A","通用","N/A","Trend: Human-free data generation loops + failure replay + diversity scoring."
